Student_ID,Name,Math,Science,English,Total_Marks,Average,Status,Grade
STD_01,Aarav Sharma,78,92,79,249,83,Pass,A
STD_02,Diya Patel,91,56,58,205,68.33,Pass,B
STD_03,Aditya Verma,68,83,61,212,70.67,Pass,B
STD_04,Ananya Iyer,54,93,80,227,75.67,Pass,A
STD_05,Rohan Gupta,82,76,94,252,84,Pass,A
STD_06,Sneha Reddy,47,94,84,225,75,Pass,A
STD_07,Vikram Singh,60,49,48,157,52.33,Pass,C
STD_08,Pooja Nair,78,96,46,220,73.33,Pass,B
STD_09,Rahul Mehta,97,96,50,243,81,Pass,A
STD_10,Kavya Joshi,58,81,98,237,79,Pass,A
STD_11,Karan Malhotra,62,96,86,244,81.33,Pass,A
STD_12,Rhea Sen,50,85,48,183,61,Pass,B
STD_13,Siddharth Das,50,89,98,237,79,Pass,A
STD_14,Ishita Roy,63,98,73,234,78,Pass,A
STD_15,Arjun Rao,92,37,62,191,63.67,Pass,B
STD_16,Tanvi Kulkarni,75,85,70,230,76.67,Pass,A
STD_17,Varun Chopra,79,41,88,208,69.33,Pass,B
STD_18,Meera Pillai,63,55,78,196,65.33,Pass,B
STD_19,Gaurav Bhatia,42,73,54,169,56.33,Pass,C
STD_20,Simran Kaur,61,52,80,193,64.33,Pass,B
STD_21,Nikhil Menon,92,38,58,188,62.67,Pass,B
STD_22,Priyanka Saxena,41,94,75,210,70,Pass,B
STD_23,Manish Tiwari,63,48,92,203,67.67,Pass,B
STD_24,Divya Deshmukh,83,43,59,185,61.67,Pass,B
STD_25,Harsh Vardhan,69,87,52,208,69.33,Pass,B
STD_26,Neha Agarwal,77,36,58,171,57,Pass,C
STD_27,Akash Nambiar,41,94,67,202,67.33,Pass,B
STD_28,Swati Pandey,99,78,84,261,87,Pass,A
STD_29,Devendra Jha,60,42,65,167,55.67,Pass,C
STD_30,Anushka Ghosh,72,81,60,213,71,Pass,B
